	movie_id	character	title	agent_verbs	patient_verbs	attributes	religion	age	Gender
0	231486	Andrew		['sees', 'rebuffs', 'arrives', 'find', 'accepts', 'tells', 'wishes', 'leaves']	['attacking', 'tells', 'told']	['mother', 'son']			
1	231486	Melanie Smooter	fashion designer	['learns', 'punches', 'retaliates', 'grew', 'changed', 'says', 'visit', 'finds', 'visits', 'tries', 'returns', 'demands', 'embarrasses', 'father', 'explains', 'tells', 'realizes', 'goes', 'leaving', 'gets', 'wakes', 'got', 'surprised', 'forgot']	['sign', 'wanted', 'tell', 'see', 'attacking', 'apologize', 'rebuffs', 'sees', 'tells', 'sneak']	['son', 'other', 'friends', 'mother', 'cousin']			F
2	231486	Jake Perry		['person', 'become', 'becomes', 'says', 'wishes', 'sign', 'shows', 'takes', 'returned', 'gone', 'meets', 'tells', 'pushes', 'made']	['try', 'loves', 'finds']	['following', 'ex-wife', 'mother', 'irresponsibility', 'baby']			M
3	3875767	Edward Humphrey Vanderman III		['offering', 'recruited', 'decides', 'pay']	['marry', 'go', 'coerces', 'team']	['father', 'flight']			
4	3875767	Penelope Wilhern		['believes', 'marry', 'backs', 'ends', 'decides', 'woman', 'marries', 'reveals', 'spends', 'caught', 'inspired', 'becomes']	['marry', 'kisses', 'pushing', 'born', 'exploit', 'loved', 'flee']	['exasperated', 'life', 'courage', 'wonder', 'parents', 'Halloween', 'mother', 'photograph', 'heartbroken']			F
5	3875767	Penelope Wilhern		['believes', 'marry', 'backs', 'ends', 'decides', 'woman', 'marries', 'reveals', 'spends', 'caught', 'inspired', 'becomes']	['marry', 'kisses', 'pushing', 'born', 'exploit', 'loved', 'flee']	['exasperated', 'life', 'courage', 'wonder', 'parents', 'Halloween', 'mother', 'photograph', 'heartbroken']			F
6	1571083	Ann		['go', 'has', 'struggles', 'begin', 'yells', 'decide', 'thinks', 'mention', 'planning', 'attacks', 'discovers', 'asks', 'stages', 'become', 'announces', 'meets']	['following', 'take']				F
7	1571083	David Smith		['spends', 'barges', 'rented', 'faints', 'shows', 'see', 'drops', 'planning', 'arranges', 'takes', 'offers']	['beating', 'tells', 'help', 'kicks', 'following', 'asks']	['friend', 'remarry']			
8	1511944	Julien		['reunite', 'disengages', 'decide', 'gives', 'meet', 'wants', 'tells', 'admits', 'returns']	['remind', 'married', 'marry']	['boy', 'successful', 'anniversary', 'wedding']			
9	277148	Kimberly Wallace	singer	['use', 'singer', 'asks']	['loves', 'taking', 'marries', 'meets']			20 - year - old	F
10	277148	Michael O'Neil		['gets', 'marry', 'marries', 'jealous', 'chases', 'loves', 'holds', 'gives', 'tells', 'starts']	['tells', 'kissed', 'taking', 'tell']	['intent']			
11	3253210	Danny	artist	['chasing', 'stops', 'tells', 'confesses', 'says', 'moves', 'decides', 'gets', 'finds', 'sees']	['lost', 'chases', 'loves']	['home', 'old', 'apartment', 'father']		5 - year - old	M
12	3253210	Anna		['says', 'rushes', 'leaves', 'going', 'rides', 'begs', 'chases', 'rejects', 'becomes']	['sees', 'born', 'see', 'tells', 'get']	['sister', 'engagement', 'family']			
13	23654077	Nambeeshan	lawyer	['gone', 'find', 'started']		['lawyer']			
14	15614260	Brad		['comforted']	['marries']				M
15	15614260	Jenny Perotti		['wakes', 'hearted', 'upset', 'rekindled', 'close', 'marries', 'forced']	['comforted', 'saw', 'pull', 'helps', 'dance', 'caused']				F
16	27375785	Sarah	owner	['saying', 'says', 'believe', 'calls', 'finds', 'told', 'end', 'falls']	['tell']	['flat']			
17	27375785	Murray		['sets', 'vomits', 'making', 'get', 'gives', 'see', 'tells', 'hidden', 'admits', 'makes']					
18	10628838	Roja Selvamani			['marries']				
19	10628838	Muthu		['leaves', 'handed', 'people', 'come', 'goes', 'tells', 'go', 'love', 'forget', 'want', 'caught', 'comes', 'refused', 'thinks', 'finds']	['meets', 'marry']	['songs']			
20	2467561	Dick		['confides', 'comes', 'catching', 'expresses']		['husband']			
21	2467561	Linda Christie		['chasing', 'runs']	['thinks']				
22	2467561	Tony Roberts							
23	22824908	Sheila		['first', 'confesses', 'invites', 'makes']	['lectures', 'finds', 'arrive']	['relationship', 'ex-husband']			
24	1795394	Laura Partridge	lobbyist	['lobbyist', 'discovers', 'forged', 'drives', 'nothing']	['neutralize', 'marries']	['conscientious', 'stockholder']			
25	1795394	Edward L. McKeever	president founder chairman	['takes', 'resigning', 'uses']	['persuade', 'replacing', 'give', 'go']	['chairman', 'president', 'founder']			
26	2920843	Ellen Wagstaff Arden		['alive', 'confronted']		['time']			
27	2032436	Ira Parks	district attorney Attorney General	['becoming', 'discovers', 'end', 'upset', 'gives', 'decide', 'frustrated']	['take', 'hurt', 'stealing']	['attention', 'wife', 'house', 'jealous']			
28	27226283	Elizabeth Kent			['calls', 'save', 'divorce', 'accompanies']	['return']			
29	27226283	Alan Wythe		['agrees', 'meets', 'accompanies', 'marrying', 'interested']	['forgot', 'meet', 'forget', 'divorce', 'convince']	['women', 'playboy', 'return']			
30	3371111	Harold Meadows	tailor	['whisks', 'locket', 'figures', 'carries', 'insulted', 'sees', 'takes', 'outraged', 'writes', 'relaxing', 'gives', 'tells', 'rescues', 'helps']	['have', 'meet', 'gets', 'informs', 'propose']	['dash', 'depressed', 'deceptions', 'book']			
31	3371111	Mary Buckingham		['hide', 'forgives', 'agrees', 'rejects', 'detours', 'marry', 'runs']	['marry', 'announcing', 'cause', 'tells', 'whisks', 'swerve']	['flustered']			
32	1273396	Christine		['decide']		['shots', 'wife']			
33	1273396	Tom asks Drew	executive	['informs', 'visits', 'calls', 'doing', 'asks', 'takes', 'overdoes', 'make', 'forces', 'writes', 'explains', 'buys', 'encourages', 'promises', 'decide', 'has', 'accepts', 'introduced', 'returns']	['asks', 'requiring', 'leave', 'wear', 'spend']	['room', 'assistant', 'presence', 'lawyer']			
34	2217354	Francis		['confronts', 'makes', 'made', 'argues', 'investor', 'learns', 'threatens', 'having']	['informs', 'get', 'tell', 'causes', 'takes', 'tells']	['indecision', 'scenes', 'arrogance', 'story']			
35	20903266	Raja		['begins', 'overwhelmed', 'sends', 'follow', 'fooled', 'handle', 'likes']	['marry', 'befriended', 'run']	['education', 'aunt', 'poor']			
36	20903266	Sulaiman		['befriended', 'tells']					
37	20903266	Nisha Sharma		['wants']	['marry', 'rescue', 'contact', 'marry', 'winning', 'told']	['his', 'father', 'house', 'true']			F
38	27944820	Abhay Suri		['falls', 'starts', 'gets']	['thrown']				M
39	1565181	Estelle	owner	['revealed']	['artists']	['owner']			F
40	1565181	Carlos		['revealed']	['artists']	['husband']			
41	1934035	John		['see', 'breaks', 'decides', 'reminds', 'did', 'agrees', 'convinces', 'call', 'told', 'says', 'enjoying', 'passes', 'join', 'goes', 'want', 'reignite', 'put', 'drinks', 'cutting']	['do', 'encouraged', 'convinces', 'make', 'fish', 'go', 'telling', 'tell']	['video', 'house', 'statue', 'father', 'motor', 'spending']			
42	11646548	Rogers Woodruff	publisher		['learns']	['wife', 'publisher']			
43	11646548	Claire			['throw']	['maturity']			
44	27106935	Salvador		['agrees', 'reveals', 'have', 'runs', 'uptight']	['help']	['repressed', 'dispassionate']			
45	27106935	Olivia		['leaves', 'living', 'jealous']	['married']	['wife', 'inhibited']			
46	21764056	Peter				['friend', 'circle', 'confrontation']			
47	21764056	Andre	musician		['married']	['musician', 'acquaintance']			M
48	21764056	Colleen				['woman']			
49	15281528	Tony Woodward		['passed', 'proposes', 'tells', 'loses', 'finds']	['embraces', 'marry', 'married']	['party', 'whereabouts', 'lifestyle', 'friend']			
50	15281528	Vera Barton		['find', 'embraces', 'breaks', 'decides']					
51	14876301	Elvira Kent		['pretends', 'hopes']	['find', 'ruse', 'take']	['instructions', 'lover', 'real', 'willingness']			
52	14876301	Michael		['hires', 'suspicious', 'sneaking']		['husband']			
53	22154516	Roderick				['her', 'condescension']			
54	22154516	Chris Messina							
55	22154516	Tom		['confesses']		['Montreal']			
56	22154516	Verona De Tessant		['see', 'tells', 'fly', 'picked', 'bring', 'visit', 'leave', 'agrees', 'spends', 'happy', 'spend']	['talk', 'found', 'believe', 'tells', 'get']	['home', 'boss', 'sister', 'request', 'pregnancy']			F
57	22154516	Burt Farlander		['fly', 'visit', 'displays', 'receives', 'takes', 'happy', 'spend', 'tries', 'bring']	['found', 'disturbed', 'comfort', 'persuade']	['parents', 'friend']			M
58	4339865	Max de Mirecourt	writer	['imagined', 'states', 'forgive']		['embarrassing', 'floor', 'novel', 'number', 'mansion', 'wing', 'estate']			
59	4339865	Lucie		['fall', 'furious', 'forgive']	['enraged']	['wife']			
60	24551073	Duffy Bergman	cartoonist	['decides', 'happy', 'explains', 'agrees', 'encourages', 'speaks', 'becomes']	['have', 'having', 'stay']				M
61	24551073	Meg Lloyd	chef	['sees', 'decides']	['impregnate']				
62	1960065	Robert Windemere		['pays', 'arrive', 'begs', 'startled']	['see']	['wife']			
63	1960065	Erlynne		['claims', 'finds', 'reveals', 'accepts', 'mother', 'found']	['pays', 'leave']				
64	18017481	Rene	chef	['follows', 'accepts', 'tells', 'does', 'charmed', 'chef', 'prepares', 'discovers', 'gets', 'waits', 'delivered']	['finds', 'calls', 'meets']	['impetuous', 'suit', 'Frenchman', 'delighted', 'seeing']			
65	18017481	Lady Malverton	chef						
66	21385847	Doug		['chased']	['married', 'despises']	['cheating', 'husband']			
67	21385847	George Murray		['talk', 'gets', 'finds', 'wishes', 'wakes']		['friend']			
68	21385847	Jane Gardner		['dumps', 'married', 'meets', 'figures', 'bring']	['go', 'get', 'wants', 'met', 'find', 'tell']	['wedding', 'friend']			
69	14461347	Colin		['married']	['tells', 'marry', 'informs', 'know']	['grandmother', 'family', 'her', 'named']			M
70	14461347	Bill Clinton							
71	14461347	Hannah		['replies', 'focuses', 'announces', 'too', 'turns', 'friends', 'tells', 'decides', 'kisses', 'asks', 'informs', 'rushes', 'leaves']	['loves', 'stop', 'confront', 'married', 'takes']	['party', 'watching']			F
72	14461347	Monica		['replies']		['date', 'roommate']			
73	34129784	Jeff Sherman	sculptor Reporter lawyer	['arrested', 'starts', 'confess', 'gets', 'calls', 'persuades', 'offers', 'chases', 'follows', 'pretends', 'acts']	['sculptor']	['studio']			M
74	34129784	Edward Arnold							
75	34129784	Judson M. Blair	publisher	['becomes', 'tries', 'offered', 'gives', 'arrested']		['burden', 'furious']			
76	34129784	Adele				['wife']			
77	1474328	Dean Kansky Jonathan		['wandering', 'party', 'returns', 'suggests', 'comes', 'follow', 'takes', 'satisfied', 'teaches', 'wrote', 'meet']	['married', 'asks', 'write', 'bring']	['friend', 'smitten']			
78	1474328	Halley Buchanan		['invites']					F
79	23561477	Jim	vice-president	['purchases', 'learns', 'provided', 'decides']	['discovers', 'urges', 'stay']	['friends', 'schemes', 'vice-president', 'husband', 'time']			
80	23561477	Emily Hefferen		['adds', 'finds', 'discovers', 'realizes', 'resigns', 'returns', 'describes']					
81	23561477	Robert Hart	attorney	['expresses']	['visits', 'file']				
82	23561477	Rita Kirby							
83	113464	Hannah	actress	['welcomes', 'serves']		['children', 'parents', 'objections', 'husband', 'classes', 'sisters', 'details', 'sister']			F
84	25565399	Bill Chandler	reporter writer	['announces', 'ingratiate', 'fails']	['suspects', 'get', 'expose']	['photograph', 'demading']			
85	25565399	Gladys Benton		['threaten', 'realize', 'tells', 'arrives']	['learn', 'expose', 'marry', 'comply']				F
86	15644478	Beth Cooper		['crashes', 'leaves', 'arrive', 'gives', 'gave', 'decides', 'says']	['drive', 'invites', 'asking']	['car', 'key', 'soldier', 'Yaris', 'routine', 'driver']		37 years old	F
87	15644478	Denis Cooverman		['realize', 'promises', 'invites', 'puts', 'go', 'informs', 'undressing']	['tells', 'join', 'challenges', 'beat', 'told']	['house', 'father']			M
88	21859735	Katherine	photographer	['photographer']		['friend']			
89	21859735	Patrick		['separated']		['husband']			
90	21859735	Carol				['wife']			
91	314775	Hiroko	coach			['beautiful', 'family']			
92	314775	Jack Elliot	baseball player	['sees', 'player', 'becomes', 'goes', 'knocks', 'runs', 'return', 'gets', 'asks', 'fouls', 'takes', 'develops']	['suspended', 'married']	['enthusiasm', 'reinvigorated', 'attitude']			M
93	24878469	Beth Goodwin		['overseas']	['advises', 'brings', 'give', 'leaving']	['return', 'friend', 'husband', 'children', 'heartbroken', 'night']			
94	24878469	Peter		['did']		['husband']			
95	2848051	Jack Singer		['realizes', 'able', 'discovers', 'borrows', 'goes', 'tries']	['married', 'find', 'get', 'keep', 'overcome']				M
96	2848051	Betsy		['ruins', 'decides']	['sees', 'get', 'married']	['girlfriend']			F
97	2997355	Muriel		['wants', 'throws', 'gets', 'demands']	['causes', 'take', 'know', 'fed', 'remarried']	['wife']			
98	2997355	Yvonne Biasi	Waitress taxi driver	['leaves', 'become', 'run', 'get', 'buys', 'spend', 'moving']	['meets', 'gave']				F
99	2997355	Eddie Biasi	taxi driver			['husband']			M
100	2997355	Charlie Lang	Policeman	['end', 'treating', 'have', 'run', 'becomes', 'mind', 'meets', 'spend', 'moving', 'get', 'begin', 'won', 'returns']	['costing', 'wounded']	['unwillingness', 'name', 'donations']			M
101	32717999	Porky		['tries', 'runs', 'saying', 'wakes', 'dreams', 'do']	['leave', 'harassed', 'shown', 'help', 'sees', 'causing']	['weight', 'kids']			
102	32717999	Petunia		['yells', 'proceeds', 'potato', 'goes']	['answer', 'run', 'leaving', 'shut']	['confused', 'dazed', 'house', 'treatment']			
103	1468099	Sara Moore		['offers', 'kicks']	['serve', 'tipped', 'serving', 're-serve']				F
104	1468099	Kate				['mistress']			F
105	1468099	Ray	boss	['ridiculing', 'hears', 'gives']	['calls', 'inform']				
106	29000018	Clyde	chef	['sets']		['wife', 'eager']			M
107	29000018	Lucy		['learn']		['co-worker']			F
108	3212842	Nikki		['marry', 'starts', 'different', 'gets', 'thinks', 'takes', 'interrupts', 'approaching', 'falls']	['stop', 'takes', 'meets', 'tells']	['cousin']			
109	3212842	Neal		['comes', 'takes', 'proposes', 'wants', 'date', 'tells', 'different', 'returns', 'leaves', 'raped']	['interrupts', 'know', 'spend', 'dumps', 'takes']	['getting', 'married']			
110	1091346	Marlon	driver	['told', 'move', 'cares', 'accepted', 'turns']	['preoccupied', 'visit', 'take']	['telling', 'friend', 'jubilant']			M
111	3531556	Van Stanhope	publisher	['have', 'likely', 'changes', 'get', 'secretive', 'tells', 'refuses', 'love', 'plans', 'returns']	['buy', 'have', 'trusts']	['secretary', 'mother']			
112	3790446	Adelina		['make', 'supports']	['incarcerated']	['name']			
113	23239530	Simon Joel Edgerton		['profeses']		['wife']			
114	14355866	Polly		['returns']		['wife']			
115	14355866	William Powell							
116	22762373	Mathi		['lies', 'works']		['his']			
117	14716766	Ladislaus Walichek							
118	24608768	Mary Crawford	student	['takes', 'asks']	['wants', 'marry']	['mom']			F
119	24608768	Andy Schmidt		['has', 'making', 'proceeds', 'gets', 'tries', 'obnoxious', 'manage']	['marries', 'make']				M
120	1107052	Micki	lawyer judge	['judge']		['lawyer']			F
121	1107052	Rob Salinger	reporter	['reconciles', 'stunned', 'follows', 'wants', 'becomes']	['ban']	['shot']			M
122	3154528	Darla			['married']				F
123	3154528	Clark				['workplace']			M
124	2025985	Daniel Vargas							
125	2025985	Lois Vargas							
126	30860806	Bindiya		['has', 'dominating']	['marries']	['cousin']			F
127	30860806	Anchal			['marries', 'possessive']	['friend']			
128	30860806	Amar		['marries']		['bachelors']			
129	30860806	Prem				['bachelors', 'husband']			M
130	30860806	Geeta		['religious']	['marries']				F
131	23920659	Sandy		['fall', 'pleads', 'saved', 'finds']	['loves']	['engagement']			
132	23920659	Aarush		['claiming', 'stilling', 'decides', 'leaves', 'fall', 'goes', 'decide', 'go', 'meet']	['jinxed', 'commit', 'saved', 'married', 'get']	['answers', 'way', 'horror', 'changes']			M
133	23920659	Hetal		['live', 'decide']	['get']	['father', 'sight', 'wife']			
134	23920659	Batuk Patel		['starts', 'shows']	['keep']				M
135	23920659	Bob		['decide', 'go', 'owns', 'live', 'lie']	['get', 'married']	['sight', 'friend']			
136	3077087	Joanne Larson Wedman							
137	3077087	Claudia Larson		['understand']	['informs']	['sister', 'brother']			F
138	3654363	Daphne		['returns']	['watch']	['forgiveness']			
139	17475674	Melinda Winifred Waine Tentrees							
140	17475674	Robert Tentrees							
141	18037052	Shastri		['roommate']	['married']				
142	18037052	Abhilasha		['had']					
143	13345732	Reginald Denny							
144	13345732	Sylvia Lockwood	secretary	['accepts', 'husband', 'continue', 'play', 'arrive']		['room']			
145	13345732	Donald				['fiancé', 'confession']			
146	2021400	Trish Piedmont		['rushes', 'found', 'suggests', 'waiting']	['accuses', 'resists', 'married', 'tell']	['daughter', 'her', 'relationship', 'date']			
147	2021400	Andy Stitzer	floor manager manager	['seem', 'decides', 'runs', 'grows', 'accuses', 'declares', 'admits', 'starts', 'sort', 'leaves', 'agrees', 'reluctant', 'chases', 'begins', 'returns', 'resists', 'discovers', 'lands', 'draws', 'tries', 'makes', 'leaving', 'lose', 'sobered', 'sell']	['join', 'ask', 'fill', 'tell', 'convince', 'married', 'promotes', 'form', 'open', 'invite', 'advises']	['co-workers', 'hiring', 'salesmanship', 'action', 'status', 'reluctance']			M
148	20869430	Cécile Coste	dealer representative recorder	['accepts', 'is', 'worried', 'drops', 'has', 'arrives', 'shown', 'finds', 'asks', 'sees', 'comes', 'notices', 'reached', 'tells', 'confronts', 'goes', 'having']	['confront', 'check', 'enter', 'asks', 'tells']	['dealer', 'all', 'notes']			
149	20869430	Pascal Manise	policeman Police Inspector drug dealer	['beater', 'talking', 'poses', 'it', 'reveals', 'finds', 'asks', 'notices', 'tells', 'goes', 'arrest', 'manages', 'drinking', 'walking', 'outside', 'shows', 'tailing', 'beats', 'close', 'conclude']	['reached', 'asks', 'lose', 'drop', 'shake']	['place']			
150	20869430	Agnès		['sick', 'congratulates', 'worried', 'faints', 'one', 'asks']	['picks', 'addicted']	['wife', 'dealer', 'story']			
151	1679809	Rhea		['outraged', 'slaps', 'learns', 'marrying', 'leaves', 'reunite', 'becomes', 'realize']	['wedding', 'marry', 'asks', 'meets']	['proper', 'mother', 'friend', 'feisty']			
152	1679809	Sameer		['died']	['marrying']				M
153	2492165	Annie		['suffered', 'wants']	['talk', 'reassures']	['wedding']			
154	2492165	Sarah Huttinger	writer	['discovers', 'tells', 'allows', 'learns', 'awakens', 'returns', 'decides', 'kisses']	['caught', 'assures', 'fly', 'visit', 'conceived']	['parents', 'father']			F
155	2492165	Scott				['husband']			M
156	3558237	John Abraham					Hindu		
157	3558237	Tehzeeb Hussain							F
158	2553711	Claire Mathewson		['demands', 'breaks']		['Venice']			
159	2553711	Stephen		['believes', 'seem']		['husband']			
160	3990824	Pamela Hill		['married']	['expose']	['discovering', 'sister', 'efforts', 'connections']			
161	3990824	Philip Kirby	Major	['decide', 'stops']	['keep', 'marry', 'accuses', 'expose', 'visit']	['Duffy', 'fiancée', 'status', 'Su']			
162	15867408	Rudolph Falliere	hairdresser count		['sees']				
163	15867408	Helene Mara	hairdresser Countess						
164	26687336	Paramvir Singh		['tries', 'backs', 'finds', 'move', 'NRI', 'reaches']	['get', 'help', 'asks']	['brother', 'dad', 'kids']			
165	26687336	Mary				['wife']			
166	1682270	Leonard Crawley		['sits', 'kissing', 'janitor']	['drive', 'berating', 'marry']	['bankrupting', 'man', 'goal', 'kisses']			
167	1682270	Louisa May Foster		['suggests', 'discovers', 'elects', 'takes', 'depressed', 'loathes', 'convinces', 'falls', 'kissing', 'tries', 'told', 'marry', 'millionaire', 'wanders', 'runs', 'ends', 'richer']	['explain', 'see', 'give', 'meet', 'charmed', 'marry', 'neglected']	['devastated', 'narrative', 'happy', 'appearance', 'point', 'weary']			F
168	10376736	Flanders		['occupation']					
169	28485791	Boozy Arthur Bach		['meets', 'refuses', 'decides', 'complains', 'strips', 'bought', 'calls', 'learns', 'finds', 'touched', 'takes', 'sober', 'tells', 'goes', 'gets']	['allow', 'calls', 'tell', 'announce', 'see', 'marry', 'takes', 'told']	['nanny', 'wife', 'introduction', 'intoxicated', 'choices', 'Batmobile', 'mother', 'forcing']			
170	28485791	Susan	assistant	['tells', 'arrives', 'begin', 'company', 'become', 'marry']	['wife', 'wants', 'marry', 'embarrass']	['assistant', 'father']			
171	28485791	Lillian Hobson	nanny	['comes', 'asks', 'dies', 'goes', 'stands', 'takes']	['replace']	['letter', 'nanny']			
172	277710	Max		['marrying', 'offers', 'reveals', 'passing', 'get', 'tells', 'relents', 'team', 'go', 'deciding', 'watching', 'has', 'working']	['return', 'confronts', 'misses', 'tracked', 'help', 'get', 'avoid', 'hurt', 'discovers']	['mentor', 'money', 'divorce']			
173	277710	Dean Cumanno	owner	['arrives', 'threatens', 'admitted', 'get', 'working', 'go', 'discovers', 'confronts']	['get', 'luring', 'marrying', 'expose']	['money']			M
174	1582009	Seema		['meet', 'decides', 'woman', 'understands', 'begins']	['let', 'carry', 'impressed', 'forced', 'act']				
175	1582009	Siddharth	boss	['falls', 'learns', 'impressed']		['boss', 'wife']			
176	1582009	Rahul		['film', 'has', 'meet', 'does', 'asks']	['forced', 'married', 'help', 'carry', 'uses', 'asks', 'fires']	['wife', 'man', 'purity', 'helpless', 'mother']			M
177	2421437	Adrian							F
178	2421437	Leopold	philosopher	['going']	['spend']				
179	2421437	Ariel				['fiancée']			F
180	2258378	Tom Winters	maid	['discovers', 'buy', 'asks', 'offers', 'spends', 'takes', 'follows', 'catches', 'little', 'reconciles']	['join', 'want', 'marry', 'offers']	['car', 'bed', 'affection']			M
181	226198	Maggie			['misses']	['wife']			
182	226198	Sam Baldwin	architect	['meet', 'grieves', 'emerge', 'says', 'playing', 'finds', 'sees', 'indicates', 'follows', 'begins']	['go', 'persuades', 'taken']	['sister', 'stunned', 'distraught']			M
183	3997782	Susan		['refuses', 'throws', 'allows']	['leads', 'believe', 'speak']	['wife']			F
184	3997782	Frank Allen		['experiences', 'realizes', 'arrives', 'knows', 'receives', 'sees']	['fill', 'thinking', 'asked']	['baby']			M
185	23389321	Richard	housewife art director author	['goes', 'love']	['tells', 'told']	['unconscious', 'author', 'conquests', 'director', 'affair', 'desk']			
186	23389321	Julie Messinger	housewife	['realizes', 'learns', 'finds', 'takes', 'begins', 'seeks']	['unravel', 'comfort', 'told']				F
187	3943470	Betty Kerner		['it', 'calls', 'excited', 'impulsive', 'elope', 'falls', 'shaken']	['marry', 'put']	['sleepy', 'happiness', 'mansion']			
188	3943470	Gene	mobster	['tries', 'loves', 'elope', 'threatens', 'shows', 'tells', 'fall', 'enters']	['break', 'leave', 'change', 'proposes']	['arms', 'ex-wife', 'henchmen', 'devotion']			
189	15164556	Harriet				['machine']			
190	15164556	Robert Blossom	manufacturer	['presents', 'hears', 'allows', 'manufacturer', 'seduces']		['grateful']			
191	15791592	Louise Randall Pierson		['laments', 'meets', 'inspires']		['birthday']			
192	15791592	Rodney Crane							
193	3822528	Encolpio		['leaves', 'stomach', 'explains', 'falls', 'waits', 'meets', 'discover', 'decides', 'make', 'proposes']	['imprisoned', 'play', 'takes', 'driven', 'board', 'join', 'humiliated', 'released', 'selects', 'invited', 'waking', 'forced']	['life', 'storms', 'place', 'home']			M
194	3822528	Lichas		['takes', 'subdues', 'selects']		['ship']			
195	11639895	Zack Brown	cameraman Deacon porn star	['retools', 'home', 'asks', 'moved', 'finds', 'explain', 'convinces', 'agrees', 'reveals', 'married', 'preparing', 'strikes', 'goes', 'devoting', 'admits', 'decides', 'learns', 'works']	['see', 'ask', 'dismayed', 'use', 'have', 'film', 'affect']	['bedroom', 'incredulous', 'retreat', 'company', 'place', 'much', 'co-worker']			
196	1001692	Leslie Steele		['talks']	['forced', 'married', 'stay']	['guest']			
197	1001692	Everard			['asks', 'represent']				
198	1659846	Simon Green		['embarks', 'quit']	['dislikes']				M
199	12459069	Tanya				['boyfriend', 'woman']			
200	24063523	Shelia		['realizes', 'marry', 'gets', 'intends']	['get']				
201	24063523	Eric Reynolds		['unreliable']					M
202	18578563	Pamela Dickson	journalist						
203	18578563	Robert Dickson		['shows', 'missed', 'bathroom', 'takes', 'enjoyed', 'began', 'living']	['married', 'alter']	['kids']			M
204	22153949	Jason Carmichael	playwright	['marrying', 'picks', 'has', 'husband', 'goes', 'does', 'fails']	['try', 'invites']	['marriage', 'aloof']			M
205	22153949	Phoebe Craddock	author teacher	['invites', 'moves', 'ends', 'remains', 'becomes']	['married', 'meets']	['marriage']			F
206	22153949	Allison St. James		['runs']					
207	22153949	Leo Janowitz	reporter	['see']					M
208	1934127	Molly		['learns']		['wife']			
209	1934127	Jack Mulcahy		['make', 'begins']	['torn', 'pressing', 'start', 'confronts']	['affair', 'brother']			
210	11176488	Anthony Gonsalves	waiter	['works', 'tell', 'blames', 'lied', 'man', 'marries', 'practicing', 'becomes', 'introduces', 'knows', 'has', 'does']	['adopted', 'kind', 'raised', 'wanted', 'gets']	['role', 'part', 'help', 'dream']			M
211	11176488	Riya		['know']	['meets', 'marries']	['woman']			F
212	11604278	Marcia		['married', 'sees', 'meets', 'announces', 'go', 'decides', 'proceeds', 'stays']	['teach', 'pursue', 'cure']				
213	23813973	Holden Wilson		['goes', 'offers']		['lover']			M
214	23813973	Pamela		['leaves', 'suspicious']					
215	1126572	Libby		['pregnant']		['man', 'start', 'banishment', 'mother']			
216	1126572	Henry Dashwood	politician	['opens', 'realizes']	['prevent']	['fiancée', 'support', 'start']			M
217	13005395	Gamel Woolsey	poet						
218	13005395	Ralph Partridge		['laughing', 'visits']	['engaged']				M
219	33754268	Parvathi		['reunite', 'give', 'lives']	['meets']	['Father', 'grandparents', 'mother']			
220	33754268	Akilan		['reunite', 'unite', 'Father']		['husband']			
221	33754268	Saroja		['breaks', 'unite']					
222	3823023	Harvey Holroyd		['trying', 'tries', 'manage']	['avoid', 'land']	['job', 'friend']			
223	3823023	Kate		['manage', 'links']		['wife']			
224	13257327	Susan	lawyer	['believes', 'learns', 'decides', 'suggests', 'calls', 'goes']	['get', 'led', 'believe', 'reaches']	['lawyer', 'mind', 'wife']			
225	13257327	Isobel Kimble Grayson		['seen', 'takes']		['clothes', 'help', 'husband']			
226	13257327	Steve Ireland	Architect	['crashes', 'hides', 'alone', 'escapes', 'becomes', 'hoodwinked', 'examined', 'tries', 'unable', 'love', 'seen', 'dodges', 'does', 'talked']	['struck', 'convince', 'sends', 'change', 'putting']	['pleas', 'lawyer']			
227	14877669	Baron Manuel Duarte		['invites', 'come', 'discovers', 'receives', 'heads', 'meets']	['see', 'play', 'impersonating', 'It', 'confuse']	['impersonation', 'real']			
228	2804212	Ranjeet	boss	['decides', 'returns', 'decided', 'angry', 'uses', 'shocked', 'has', 'confesses', 'panics']	['leave', 'married', 'asks']	['boss', 'streets']			
229	2804212	Shikha		['cross', 'hold', 'feels', 'decided', 'comes', 'leave', 'tells', 'accompany']	['educated', 'asks', 'attracted', 'join']	['teacher', 'streets', 'affair', 'stricken', 'relationship', 'sister']			
230	12812790	Jeff		['realizes', 'surprised', 'shows', 'got']	['find']	['son']			
231	12812790	Sylvia Norwood	mathematician		['wed']				
232	4070671	Johnny Case		['discusses']					M
233	4070671	Julia Seton				['man']			
234	24008579	James				['struggle']			
235	24008579	Tonya				['wife']			
236	14647588	Annie				['wife']			
237	14647588	Rudy Hickman	baker actress						
238	1888433	LCDR Charlie Madison		['dead', 'irresistible', 'alive', 'tries', 'adjutant']	['avoid', 'retreat']	['photograph', 'sybaritic', 'angry', 'job', 'death', 'USNR']			
239	2958168	Bill				['husband']			M
240	2958168	Jane Marks	developer	['hopes']					F
241	1326091	Namrata		['gets', 'comes', 'married']	['introduce']	['husband', 'employee']			
242	1326091	Raj	bachelor	['realizes', 'confused', 'live', 'introduce', 'forms', 'attends', 'married', 'takes', 'watches', 'drives', 'have', 'follows', 'invites']	['chaperones', 'tells']	['feelings', 'American']			
243	1326091	Sanjeev			['leave', 'invites', 'tell']	['her', 'angry', 'jealous']			
244	1330432	Lenny Weinrib	Sportswriter	['sleep', 'meet', 'locates', 'makes', 'console', 'reconciles', 'finds', 'sets', 'urges', 'tricks', 'befriend', 'becomes']	['opposed']	['child']			
245	1330432	Amanda		['has', 'having']		['wife', 'ridden']			F
246	17101981	Andrew Paxton	assistant boss editor	['announces', 'dating', 'proposed', 'tells', 'confronts', 'goes', 'refuses', 'insists', 'makes', 'rushes', 'wanted', 'turns', 'saves']	['become', 'find', 'talk', 'asks', 'comfort']	['family', 'assistant', 'boat', 'name', 'ex-girlfriend', 'town', 'parents']			M
247	22276971	Noelle		['standing', 'calls', 'tells', 'comes', 'finds']	['finds', 'visit']	['angry', 'girlfriend']			
248	22276971	Ray Rehman	investment banker bartender	['optimistic', 'discover', 'go', 'works', 'learns', 'gets', 'golfing', 'agrees', 'reveals', 'finds', 'accuses', 'explains', 'disappointed', 'meet', 'has']	['meet', 'visit', 'go', 'inspires', 'tells', 'put']	['doorstep', 'father', 'frustrates', 'parents', 'mother', 'deceit', 'surprises', 'pleas', 'confuses', 'parents', 'delight']	Muslim		M
249	14538051	Vijay		['completed', 'indulges', 'seems', 'attend', 'decides', 'walk', 'staggers', 'takes', 'married', 'leaves', 'fired', 'recover', 'continues', 'wants']	['husband', 'reveals', 'he', 'leaves', 'reach', 'enjoying', 'kill', 'pursue', 'confront', 'named']	['condition', 'friends', 'child', 'marrying', 'pampered']			
250	3459677	Bhavana		['uses']					
251	26658618	Tony		['gets', 'proposes', 'lies']	['marries', 'trick']	['life', 'groomsman']			
252	26658618	Rachel		['marries', 'sneak']		['friend']			
253	180912	Arthur Stevenson	publisher	['reassures']	['forcing', 'take']	['publisher']			
254	180912	Ethel		['does']					
255	180912	Michael Grant	illustrator	['makes', 'sees', 'assumes', 'invites', 'declares']	['free', 'tells']	['father', 'her', 'wife', 'embracing', 'divorced']			
256	18206216	Yasmine		['tired']	['loves']	['man']			
257	18206216	Kwame Gatmon		['sure']					
258	12930887	Georges Valandray	businessman	['thinks']	['restored']				
259	12930887	Gilberte Valandray		['encourages', 'aghast']	['invites', 'discover', 'restored']	['friend']			
260	1203340	Jenny Taylor		['jumps', 'realizes', 'sits', 'is', 'discovers', 'takes', 'sees', 'reach']	['lose', 'takes']	['plan', 'plans']			F
261	17646903	Margo				['wife']			
262	17646903	Irv ' Klopper							
263	12279512	Mark Christopher	screenwriter	['interested', 'marries', 'takes', 'dating', 'has']	['take', 'persuaded', 'appalled']	['apartment', 'friends', 'secretary']			M
264	12279512	Susan Landis		['stay', 'made', 'develops', 'confesses', 'has', 'tells', 'fights']	['seen', 'arrested', 'make', 'abandoned']	['struck']		18	
265	3152877	Jennifer							
266	3152877	Jack Chester	controller	['sailed', 'proposes', 'receives', 'locks']	['befriends', 'enable', 'help', 'enjoy']	['helping']			M
267	26107567	Devlin Adams		['confesses', 'invites', 'asks', 'meets', 'gives']	['named']	['made', 'rivalry']			F
268	26107567	Palmer	teacher	['insists', 'confronts', 'decides', 'assumes', 'meets', 'suggests', 'look']	['tells', 'marry', 'spend', 'take', 'marrying', 'asking', 'meets']	['front', 'teacher']			F
269	26107567	Katherine Murphy	manager	['runs', 'says', 'mentioned', 'admit', 'dismisses', 'surprised', 'married', 'look', 'introduces', 'admits', 'confides', 'run', 'talking']	['calls', 'asks', 'confronts', 'pose', 'tell', 'maintain']	['kids']			
270	26107567	Danny Maccabee	surgeon	['made', 'meets', 'are', 'agrees', 'run', 'asks', 'calls', 'shows', 'surprised', 'married', 'teaches', 'spend', 'tells', 'go']	['tell', 'introduces', 'get', 'maintain', 'married', 'asks', 'blackmail']	['feelings', 'plans']			
271	26107567	Ian Maxtone - Jones			['divorcing']				
272	290633	Vince		['comes', 'wants']	['marry', 'visit']	['boyfriend']			
273	290633	Constance							
274	290633	Nina Borowski	Social worker	['have', 'feels', 'relationship', 'announces', 'meets', 'decide', 'has', 'explains', 'moody', 'gives', 'tells', 'finds', 'gets', 'staying', 'asks', 'offers', 'attends']	['loves', 'invite', 'leaving']	['offer', 'crazy', 'drives']			F
275	16426208	Joe Grant		['gets', 'made', 'offers', 'reached', 'upset', 'picks', 'chases', 'admits', 'offended', 'coming', 'convinces', 'begins', 'apologizes', 'walks', 'agreed', 'arrives']	['find', 'buy', 'swarmed', 'amused', 'relaxes', 'fight', 'sends', 'spend', 'takes', 'cry']	['family', 'father', 'mother']			
276	16426208	Maggie Johnson		['hidden', 'thinking', 'walks', 'touched', 'takes', 'shows', 'relaxes', 'throws', 'tried', 'admits', 'causes', 'is', 'reluctant', 'does', 'waiting', 'feigns', 'tells', 'fetches', 'gives']	['find', 'help', 'buy', 'join', 'causing', 'bring', 'believe', 'hop', 'tells', 'call']	['plea', 'Annoyed', 'things', 'front', 'leaves', 'heart', 'boss', 'taking', 'Determined']			
277	28141854	Billie		['unaffected', 'wins', 'becomes', 'girl']	['accepted']	['sister']			
278	28141854	Bob Matthews				['first', 'shocked', 'slugs']			
279	10629623	Eve				['daughter']			
280	17996335	Anila		['showed', 'ask', 'comes']	['named']				
281	17996335	Sanjana		['ended', 'gone', 'says', 'went', 'angry', 'marry', 'asks', 'wants', 'shows', 'followed', 'meets']	['touched', 'explain', 'confront', 'asked', 'loved']	['father']			
282	17996335	Yogesh		['annoyed', 'sees', 'accepts', 'refused', 'met', 'thinks', 'realises', 'willing', 'agrees', 'angry', 'heir', 'betrayed', 'adamant', 'tell', 'marry', 'asks', 'pulls', 'realised', 'goes']	['takes', 'staggered', 'marry', 'see', 'meet', 'take', 'help', 'marry', 'linked', 'asking']	['grandfather', 'talks', 'bride', 'photo', 'grandson', 'family', 'father', 'man', 'date']			
283	17996335	Kanta				['wife']			
284	27954293	Arikki @ Arivazhagan		['taken', 'leads', 'son']					
285	27954293	Ramasamy				['husband']			M
286	28880684	David Lindhagen		['arrives', 'get']	['dating', 'return']				M
287	28880684	Emily		['begins', 'leaves', 'calls', 'have']	['remind', 'sees']	['sweater', 'daughter', 'wife']			
288	28880684	Cal Weaver		['seduces', 'man', 'stops', 'get', 'gives', 'slept', 'manages', 'begins', 'create', 'refuses', 'starts', 'decides', 'wants', 'knew', 'have', 'receives', 'goes']	['recount', 'try', 'appalled', 'approve', 'calls', 'seduce']	['calls']			M
289	11929259	Carol Clayton		['tells', 'emotional', 'friendly', 'marry', 'gets', 'calls', 'celebrate', 'asks', 'going', 'selling']	['marry', 'let', 'meets']	['stud', 'nerves', 'father', 'maid']			F
290	11929259	Jesse Kiffmeyer		['jealous', 'ends', 'sneezes']	['tells']	['contract']			
291	1923292	Maggie Williams	secretary	['allows', 'ends', 'admits', 'informed', 'defends', 'secretary', 'runs', 'leaves', 'gets', 'visits', 'discusses', 'upset']	['upset', 'wakes', 'confronted']	['warnings']			
292	1923292	Paul Barton	boss	['thinks', 'arranges', 'expresses', 'wakes', 'announces', 'accepts', 'tells']	['inform']	['mistress', 'successor']			
293	2920744	Bianca		['calls', 'becomes']	['married', 'marry']				
294	2920744	Ellen		['alone', 'declared', 'married', 'sure', 'tracks']	['reconciled', 'shipwrecked', 'confronts', 'rescued']	['wife']			
295	2920744	Nick Arden	lawyer	['left', 'tries', 'tracked', 'confronts']	['reconciled', 'married', 'explain', 'loves']	['feelings', 'behavior']			M
296	25616821	Sam Sawyer		['assumes', 'keen', 'discover', 'relates']		['story']			
297	25616821	Emily		['taken', 'made']		['suite', 'distress']			
298	240363	Phil Potter		['invites', 'begin', 'moves', 'does', 'seems', 'attends', 'takes']	['set']				M
299	17908468	Steven Jay Russell	police officer	['dying', 'laughing', 'waiting', 'bear', 'leaves', 'died', 'explores', 'becomes', 'goes', 'locates', 'describes']	['caught', 'tells', 'sent', 'imprisoned', 'calls']				
300	11823946	Duke Orsino		['furious', 'love', 'marries', 'dismisses']		['court', 'local', 'court']			M
301	11823946	Viola		['believes', 'survived', 'end', 'becomes', 'twins', 'arrived']	['marries', 'caught']	['identity', 'devastated']			F
302	10536433	Maria Gonzalez			['allow']				
303	10536433	Ben Murphy		['confronts', 'decides', 'tell', 'want', 'waste', 'follow', 'prepared', 'discovers', 'disagrees', 'qualify', 'writes', 'begins', 'seeks']	['go', 'forgive']	['nerve', 'dismay']			M
304	1385251	William Cleary	Secretary of the Treasury	['states', 'kicks']		['wife', 'power', 'daughters', 'Secretary']			
305	1385251	John Beckwith		['refuses', 'return', 'go', 'fondle', 'joins', 'becomes', 'uniting', 'continue', 'crashes', 'learns', 'convinces', 'connect', 'states', 'disrupts', 'attempting', 'behaves', 'comes', 'takes', 'professes', 'goes', 'play', 'convince', 'reveals', 'falling']	['tell', 'bail', 'meet', 'kissing', 'change', 'asks', 'takes', 'emerges', 'get']	['confusion']			M
306	1385251	Jeremy Grey	artist	['tries', 'knocks', 'confess', 'asks', 'realize', 'tells', 'realizes', 'attempts', 'ends', 'trying', 'intervenes', 'continues', 'takes', 'return', 'play']	['accept', 'married', 'reconcile', 'ties', 'emerges', 'chased', 'hurt', 'convinces', 'tell', 'convince', 'keep', 'shoots', 'shocks']	['wounds', 'image', 'delight', 'wedding', 'stupidity']			M
307	1385251	Jane Seymour							
308	1385251	Claire		['happy', 'tells', 'go', 'admits', 'continue', 'leaves', 'begins', 'want']	['leaving', 'court', 'him', 'demanding', 'doubt', 'asking', 'return', 'convince']				
309	1385251	Gloria		['becomes', 'tends', 'tending', 'confess', 'gives', 'proceeds', 'reveals', 'ties', 'possessive']	['fulfilling', 'rape']	['brother']			
310	2608771	Alice Holbrook		['nothing', 'realize', 'becomes', 'pretends', 'shows', 'chases', 'insists', 'looks', 'sends', 'catches', 'decides', 'having', 'calls']	['loved', 'tell', 'woman', 'write', 'sees', 'forge']	['husband', 'affair']			F
311	2608771	Sam		['declares', 'realizes', 'cheating', 'win']	['woo', 'shows']	['reputation', 'husband']			
312	29165410	FDR Foster		['have', 'pursued', 'tries', 'insists', 'runs', 'discover', 'womanizer', 'crashes', 'mission', 'walks', 'persuades', 'reveals', 'parachute', 'discovers', 'urge']	['chooses', 'flirt', 'tackles', 'convinced', 'sees']	['bugs', 'his']			M
313	29165410	Lauren Scott	executive	['discovers', 'have', 'sees', 'interrupts', 'do', 'feels', 'decides', 'storming', 'invites', 'hit']	['urge', 'persuaded', 'make', 'marry', 'come']	['date', 'groups', 'advice', 'apartment']			F
314	13951439	Ayesha Mehra	student	['go', 'accepts']	['loves', 'calls', 'locate', 'attracted', 'visit']	['rumors', 'relatives']			F
315	4343386	Kathy			['married', 'tells', 'tell']	['marriage']			
316	4343386	Peter							
317	4213599	Silvius			['marry', 'married', 'brought']				
318	4213599	Rosalind		['disguise', 'reveals']	['encounters', 'banishes', 'marry', 'married']	['praise', 'daughter']			F
319	4213599	Phoebe		['complicates', 'promise', 'falls']	['brought', 'married', 'marry']	['shepherdess']			
320	10190365	Shambunath Mehta							
321	10190365	Paro			['marry', 'finds']	['father', 'affair']			
322	32420843	Ben		['wins']					M
323	32420843	Lucy		['marries', 'discovers']					F
324	10095235	Paraguaçu		['live', 'lied', 'marries', 'finds', 'swims']	['take']	['called']			
325	10095235	Diogo Álvares		['sees', 'meets', 'decides', 'live', 'embarks']	['take', 'marry', 'rescued', 'marries', 'engaged']				
326	2357737	William			['married']	['brother']			
327	2357737	Natasha			['married']	['ballerina']			
328	2877584	Irene	actress	['marry', 'decides', 'comes']	['giving', 'give']	['marrying', 'sister']			
329	2877584	Waldo		['arrives']	['marry', 'punch']	['nature', 'pliable']			
330	314093	Gordon	police officer	['warns', 'accuses', 'reveals', 'greeted', 'apologizes']		['father', 'angry']			
331	314093	Grace				['wife']			
332	21318106	Shirley Valentine - Bradshaw	housewife	['fine', 'gets', 'stand', 'reveals', 'worse', 'leaves', 'preparing', 'spends', 'received', 'upset', 'puts', 'accepts', 'goes', 'go', 'fallen']	['meet', 'calls']	['lands', 'husband', 'suitcase']			
333	21318106	Joe		['sets', 'arrives']	['tells', 'go']	['arrival', 'husband']			
334	1512171	Brian		['gets', 'kicks']		['fees', 'son']			M
335	1512171	Charles	attorney	['resumes', 'realizes', 'hopes', 'buying', 'catch', 'returns', 'understands', 'kicking', 'having', 'agrees', 'recovers', 'received', 'keep', 'loses']	['paralyzed', 'shoots', 'coerces', 'shot', 'pay', 'attorney', 'wants']	['stay', 'wife', 'friends', 'her']			
336	1512171	Helen McCarter		['had', 'one', 'awakens', 'decides', 'learns', 'kicks', 'respond', 'wife', 'retaliates', 'ready', 'start', 'meets', 'heads', 'unemployed']	['see', 'picks', 'let', 'grow', 'move', 'find']	['attorney']			
337	22967108	Phil	tax lawyer	['crash', 'learns', 'rides', 'swims', 'escapes', 'wearing', 'talk', 'couple', 'realizes', 'try', 'asks', 'have', 'climbs', 'get', 'stole', 'tells', 'discover', 'decides', 'hits', 'finds', 'mentions', 'go', 'agree', 'steals', 'says', 'lawyer', 'checks']	['help', 'explain', 'drive']	['guise']			
338	22967108	Claire Foster		['crash', 'remembers', 'try', 'have', 'realtor', 'get', 'stole', 'go', 'pretends', 'drives', 'talk']	['asks', 'take', 'explain', 'count', 'search', 'marry']	['misgivings']			F
339	370064	Daisy				['children']			
340	370064	Karen		['buying', 'discovers', 'assumes', 'greet']		['wife', 'brother', 'friend']			F
341	370064	Harry	managing director	['becomes', 'director', 'caught']	['greet', 'confronts']	['company', 'pocket', 'wife', 'returning']			M
342	370064	Bernard				['children']			
343	1071219	John Clark	lawyer	['jumps', 'take', 'proves', 'doing', 'sees', 'normal', 'spends', 'quits', 'hears', 'falls', 'argue']	['clumsy', 'distracted', 'partnered', 'tells']	['waltz']			M
344	1071219	Beverly		['normal', 'argue', 'hired']	['meets']	['wife']			
345	3130366	Karen		['take', 'decide']	['work']	['wife']			
346	3130366	Matthew		['culprit', 'start', 'expects', 'make', 'reluctant', 'join', 'discloses', 'winds', 'decide', 'tries', 'has', 'co-workers', 'live']	['feel', 'expecting', 'help', 'talk', 'work']	['daughter', 'wife']			
347	3130366	Victor		['remarries', 'co-workers', 'having', 'caused', 'angry', 'sets', 'becomes']	['help', 'hunt']	['wife', 'daughter']			
348	13361675	Catherine				['exhortation']			
349	13361675	Mary Haines	designer	['sets', 'confronts', 'has', 'ends', 'decides']	['repair', 'tells', 'open', 'fired', 'tell', 'stunned']	['daughter', 'woes']			F
350	13291547	Klaasje		['left']		['friend']			
351	13291547	Ted		['invites', 'spotted', 'recognizes']		['husband']			
352	13291547	Dennis		['wants']		['husband']			
353	23091532	Samantha	doctor	['trying', 'counsels', '52', 'stays']	['keep', 'devise', 'released', 'left', 'approached', 'arrested']	['flamboyance', 'drugs']		52	
354	14644512	George		['wakes', 'takes', 'telling', 'lying', 'overhears', 'ran', 'goes', 'agreed', 'forgives']	['puts', 'get']	['hypochondria']			M
355	16355046	Siva	courier hostess driver	['brags', 'visit', 'learns', 'forgives', 'calling', 'teases', 'grows', 'married', 'have', 'deliveryman', 'introduces', 'promises', 'organized', 'realizes', 'attempts', 'fights', 'runs', 'loses', 'saying', 'arrives']	['surround', 'asks', 'marry', 'introduced', 'meet', 'reconcile']	['behaviour']			M
356	103018	Leo Farnsworth	industrialist	['alive', 'buys', 'reappears']	['drowned', 'drugged']	['secretary', 'body', 'policies']			
357	103018	Julia		['continue']	['confused']	['wife']			
358	25737142	Olivia				['car', 'killing']			
359	24672079	Noah Cooper	therapist	['realises', 'displeased']	['moved']	['grandmother']			M
360	24672079	Marilyn		['arrives', 'spies']	['allows', 'hired', 'stay']	['tasks']			
361	10436186	Rong	screenwriter	['grown', 'notices', 'finds']	['told']	['screenwriter']			
362	15202473	Julia Packett		['observes', 'manages', 'remains', 'sees', 'reaches', 'married', 'returned', 'left', 'tries', 'ends']	['walk', 'see', 'show']	['suggestion', 'misdeed', 'method']			
363	15202473	William Packett		['persuades', 'chases', 'encounters', 'comes']		['love']			
364	17323415	Emma Allen		['get', 'meet', 'reveal', 'tells', 'tampering', 'participating', 'stands', 'walks', 'lie', 'married', 'showing', 'dancing', 'make', 'stops', 'begins']	['outraging', 'undergo', 'shown', 'turn']	['turn', 'behavior', 'father', 'nature', 'trait', 'wedding', 'fiancé', 'instructor', 'registering']			
365	17323415	Nate			['married']				
366	16953192	Siddharth		['has', 'want']		['Italian']			M
367	16953192	Ram Saran Dubey	Assistant						M
368	16953192	Sunil Wadhwa							M
369	313885	Fred		['story', 'marries', 'rents', 'explains']		['boss', 'mother', 'men']			
370	313885	Cathy	student	['answers', 'student', 'reveals']	['seduced', 'marries']	['knockout']			
371	3226241	Dolly		['spa', 'get', 'falling', 'go', 'reveal', 'says', 'play', 'lose', 'starts']	['confronts', 'tells', 'engaged', 'marrying', 'have']	['brother', 'father', 'daughter']			F
372	246559	Richard Norvik			['contacts']	['young']			M
373	246559	Peggy Sue awakens						one - night	
374	23118238	Diane				['wife']			
375	23118238	Barton Kendrick	publisher	['decides', 'comes', 'chooses', 'wants', 'gives']	['publish', 'divorce', 'make']	['reaction', 'company', 'publisher', 'married', 'wife']			
376	4222309	Paul							
377	4222309	Sandra			['married']	['neighbor']			F
378	1597877	Donovan Donaly	producer	['comes']	['finds', 'find', 'leaving']	['producer', 'operas', 'help']			M
379	1597877	Marylin Rexroth		['insists', 'meet', 'asked', 'learns', 'tricked', 'gets', 'fail', 'shows', 'winds', 'wants', 'danger', 'tells']	['asks', 'reach', 'negotiate']	['ex-husband']			
380	1597877	Ollie				['named']			
381	1597877	Bonnie				['lawyer', 'wife']			
382	1597877	Rex Rexroth		['hires']	['married', 'obtain']	['ex-husband', 'wife']			M
383	129331	Rita				['wife']			
384	129331	Loretta Castorini	accountant	['drives', 'leave', 'feels', 'pours', 'shocked', 'urges', 'shares', 'plays', 'has', 'goes', 'arrives', 'believe', 'takes', 'upset', 'accepts', 'tells', 'stop', 'throws', 'says', 'is']	['marry', 'see', 'asks', 'moved', 'marry', 'invite', 'sweeps', 'reminds']	['house', 'wedding']		Thirty - seven - year - old	F
385	129331	Raymond Cappomaggi							
386	1324831	Pooja Sahani		['get', 'refuses', 'love', 'it', 'arrives', 'marries', 'have']	['like', 'marry', 'loves']	['loyal', 'disappointment', 'love', 'quiet']			F
387	1324831	Raj Khanna		['have', 'get', 'ignores', 'wants', 'go', 'love', 'returns']	['besotted', 'marry', 'tell', 'attracted']	['friend', 'condition', 'father', 'parents']			M
388	1324831	Tina Kapoor		['keep', 'realises', 'becomes', 'different', 'promise']	['marry', 'vivacious', 'leaving', 'write']	['real', 'name', 'happiness', 'father', 'heart', 'vivacious']			F
389	2618462	Martin Cortland	assistant owner	['appears', 'arranged', 'purchased', 'confesses', 'promised', 'pursuit', 'sends']	['assigned', 'have', 'produce']	['attempts', 'wife', 'release', 'invitation']			
390	2618462	Robert Curtis	Captain manager dancer assistant owner	['startled', 'escape', 'finds', 'arranges']	['find', 'attracted', 'posted', 'caught', 'participate', 'drafted', 'assigned', 'bring']	['sincerity', 'friends']			M
391	29854616	Sivankutty		['marries', 'takes']		['arrives']			
392	29854616	Sridevi			['marries']				F
393	1858682	Edwina		['unhappy', 'wants']	['induces', 'make']	['wife']			
394	1858682	Barnaby Fulton	chemist	['searching', 'trying', 'tests']	['develop']	['wife', 'chemist', 'chimpanzees']			
395	2066293	Harry Brock		['becomes', 'hires', 'needs']	['sign', 'presses', 'get', 'persuaded', 'marry']	['domination']			
396	2066293	Emma ' Billie ' Dawn		['begins', 'marry', 'hide', 'turns']	['marry', 'smarter']	['ignorance', 'Emma', 'independence']			
397	19451074	Kedar Chatujye		['becomes', 'has', 'admits']		['simple', 'decency', 'minded']			
398	19451074	Saraswati		['decides']	['married']	['parents', 'disappointed']			
399	1682805	Everett		['finds', 'asks']	['talk', 'assume']	['request', 'family', 'brother', 'sister']			
400	1682805	Meredith Morton	executive	['opts', 'asks', 'couple', 'tries', 'lets', 'breaks', 'relaxes', 'attempts', 'lock', 'crashes']	['stay', 'drive', 'fit']	['oblivious']			F
401	101907	Vicky Allesio		['sleeps', 'admits', 'cancels', 'he', 'declines', 'responds', 'walks', 'going', 'amused', 'discovers', 'asks', 'leaves', 'sees', 'becomes', 'gone', 'sunning', 'decide']	['grabs', 'him', 'takes', 'call', 'given', 'impressed', 'see', 'invites', 'tells', 'head']	['mounts', 'discomfort', 'echo', 'lack']			
402	101907	Steve Blackburn		['becomes', 'tries', 'invites', 'decide', 'forgets', 'sends', 'ends', 'undo', 'grabs', 'decides', 'comes', 'gets', 'arranges', 'wakes', 'leave', 'takes', 'turns', 'spends']	['have', 'persuaded', 'get', 'disappointed', 'sees', 'put', 'head']	['need', 'daughter', 'wife', 'echo', 'co-workers']			
403	101907	Gloria			['sees']	['wife']			
404	101907	George Segal							
405	26779875	Will		['marry']	['marrying', 'loves', 'performing']	['brother']			M
406	26779875	Joanna	executive	['left', 'pushes', 'Kiss', 'remembers', 'starts', 'angry', 'introduces', 'fits', 'changed', 'did', 'tries', 'seems', 'reveals']	['tells', 'reason', 'confronts', 'meets', 'recognize', 'talk', 'marry', 'take', 'reveals', 'finds']	['song', 'favorite', 'past', 'children']			F
407	11223	Fiona		['deduces', 'marry']	['married']	['brother']			F
408	11223	Scarlett	guard	['marry']		['flatmate']			F
409	11223	Prince Charles		['surprised', 'decided', 'replies', 'watches', 'receives', 'confesses', 'wonder', 'have', 'happy', 'has', 'requite', 'man', 'finds', 'asks', 'attends', 'spends', 'meets', 'recovering', 'love', 'runs', 'makes', 'empathetic']	['marry', 'punches', 'loved', 'marry', 'discover', 'translate', 'asks']	['flatmate', 'eyes', 'that']			
410	11223	Deirdre				['cousin']			
411	11223	Chester			['marry']	['tall', 'American', 'named']			
412	11223	Tom		['marry', 'have']		['brother']			M
413	11223	Carrie		['astonishes', 'reveals', 'arrives', 'teases', 'attending', 'responds']	['watching', 'meets']	['wedding', 'that', 'American']			F
414	11223	Henrietta		['punches', 'marry']	['marry']	['room']			F
415	11223	Matthew		['recites', 'couple']		['partner', 'cousin']			M
416	11223	David	guard	['asks', 'marry']		['brother']			M
417	2517072	Esha Malhotra	writer	['fell', 'fallen', 'want', 'hires']	['marry', 'marry', 'meet']	['grandfather', 'portrait', 'unable']			
418	2517072	Rahul Sharma	writer photographer	['does', 'decides', 'thinks', 'leaves', 'standing', 'reunites', 'meets', 'writer']	['photographer', 'urges', 'forget', 'hurry', 'struck', 'hires']	['friend']			M
419	1580851	Saraswati		['ready', 'pregnant', 'insists', 'allows', 'wrong', 'decides', 'starts', 'telling', 'discovers']	['leave', 'meets', 'kill', 'involves', 'marries', 'apologise', 'slapped', 'deter']				F
420	1580851	Raju		['begins', 'sees', 'becomes', 'meets', 'uneducated', 'refuses', 'recovering', 'marries', 'manages']	['save', 'cough', 'approaches', 'believe']	['over-protective', 'stepmother', 'wealth', 'brother', 'story', 'father', 'nature', 'desire']			M
421	10715230	Tom Ferris	Col.	['steals', 'continues', 'shipped']	['marries', 'falls']	['based']			M
422	10715230	Julie		['marries']					
423	19082345	Vicki Anderson	singer	['puts', 'begin', 'performing', 'gets', 'responds', 'slides', 'walks', 'offers', 'spends', 'happy']	['blames', 'pick', 'take', 'track', 'remarries', 'leave', 'have']	['stiff']			
424	19082345	Charley Pearl		['apologizes', 'remarries', 'wants', 'accepts', 'goes', 'begin', 'eager', 'help', 'has', 'return', 'runs', 'makes', 'leaving', 'willing', 'offers', 'marries', 'reneges', 'drives', 'sinks', 'shows']	['have', 'pay', 'get', 'take', 'marry', 'engaged', 'warns', 'found', 'accompany', 'foot']	['father', 'looking', 'thoughts', 'charm', 'killing', 'announcement']			
425	12666854	Pseudolus		['makes', 'gets', 'blackmails', 'lyingest']					
426	1659186	Mark	therapist		['hung']	['characters', 'therapist']			M
427	22099425	Mala		['fighting', 'keeps', 'realize', 'get']	['sees', 'ignore']	['relationship', 'younger', 'parents', 'friend', 'feelings', 'mother']			
428	22099425	Kishen	businessman	['marriages', 'fighting', 'accept', 'get', 'slaps', 'nerd']	['accept', 'dislikes', 'makes', 'tells', 'married', 'ignore', 'sees']	['younger', 'businessman', 'father']			
429	3418109	Gena		['unable']	['communicate', 'trapped']	['wife', 'skeptical']			
430	3418109	Coleman Ettinger	professor	['realizes', 'returns', 'discovers', 'leaves', 'do', 'plays']	['informs', 'greeted', 'trapped']	['subconscious']			
431	2451146	Baroness Czerny		['lose', 'explain', 'have']	['marry', 'wants']				
432	2451146	Georges Flammarion		['pay', 'hears', 'wants', 'loves', 'seems', 'It', 'slips']	['recognize']				M
433	2451146	Jacques Picot	bachelor	['insists', 'marry', 'lose', 'wants', 'offers', 'had', 'presses']	['captivates', 'marry']				
434	2638362	Emma Woodhouse		['ridicules', 'misinterprets', 'persuades', 'alone', 'takes', 'cross']	['attracted', 'avoids', 'scolds']	['friends', 'advice']			F
435	17470934	Werner		['tries', 'one', 'makes', 'learns', 'have']	['get']	['husband']			
436	17470934	Mathilda		['Worker']					
437	17161827	Ralph Galloway		['insists', 'informs']	['target']	['staid', 'respectable', 'unsuspecting']			
438	17161827	Doug Andrews	driver bachelor	['shows', 'lets', 'learns']	['find', 'informs']	['lessons']			
439	13514560	Joel		['quit', 'sees', 'walking', 'had']		['sarcastic']			M
440	2209172	Joanna Stayton	housewife	['turns', 'finds', 'left', 'falls', 'divorced', 'handles', 'has', 'looks']	['asks', 'given', 'get', 'tells']	['Cove', 'mother', 'attitude', 'memory']			F
441	2209172	Grant Stayton III		['attempts', 'returns', 'finds', 'goes']	['get', 'left', 'shoot', 'retrieve']	['incensed', 'neurotic', 'selfish']			M
442	11929565	Eadie		['leaves', 'turns', 'visits', 'tries', 'runs', 'visit', 'follow', 'gets']	['spotted', 'puts', 'tells', 'marry', 'bails']				F
443	11929565	Tom		['arrives', 'taking', 'manages', 'leaves', 'puts', 'breaks', 'come', 'tells', 'changed']	['tells', 'see', 'get']	['son', 'rival', 'father']			
444	27341604	Erin		['wants']	['marry']	['girlfriend']		26 - year - old	
445	14469100	Lorenzo Xavier Vega	chemical engineer			['career']			M
446	14469100	Susan				['wife', 'dream']			
447	1006385	Norman Lindsay	artist			['wife', 'estate', 'models']			M
448	1006385	Rose				['wife']			
449	12896610	Holden Adams							
450	2918524	George Ryan		['asks', 'breaks', 'reads']		['wife']			
451	2957178	Lucy				['meeting']			
452	3227819	Sam Bell		['begins']	['find', 'leaves']				M
453	2161511	Marge Nelson		['share', 'key', 'helps', 'manages', 'his']	['sent', 'use', 'send', 'kidnaps', 'save', 'separated']				F
454	142435	Dorothy Boyd		['contemplates', 'love', 'told']	['keep', 'meet', 'help', 'marries']	['reply', 'dismay']			F
455	142435	Jerry Maguire		['concentrates', 'trying', 'speaks', 're-signs', 'rebuked', 'agent', 'travels', 'secured', 'claims', 'flies', 'comments', 'made', 'convinces', 'turns', 'marries', 'lobby', 'announces', 'call']	['told', 'meet', 'devastated']	['surprised', 'clients', 'resolve', 'protégé']			M
456	13904106	Jimmy		['wants', 'explains', 'builds', 'returns', 'married', 'gains', 'boasts', 'man', 'flaunts']	['watching', 'visit', 'marry', 'declared', 'woken', 'disowned']	['efforts', 'fortune', 'father', 'parents']			
457	18799982	Joe	construction worker	['worker']		['parents']			
458	18799982	Sam Sharpe		['manipulated', 'changing', 'married', 'have', 'dies', 'has']	['confined']	['loving']			M
459	18799982	Marilyn	construction worker			['wife', 'parents']			
460	238484	Chaplin		['portrays']					
461	238484	Tillie		['inherits', 'finds', 'smuggled', 'instigated', 'working', 'drunk', 'realize']	['named', 'forced', 'arrested', 'work', 'meets']	['money', 'father', 'Banks']			
462	22569652	Sethi		['feel', 'widow', 'vows', 'kill', 'interests', 'finds']	['get']				
463	29081296	Molly Kelly							
464	29081296	Andy Charles , Jr.		['attempts']		['father']			
465	23954729	Jake	attorney	['not', 'married', 'dancing', 'becomes', 'talk', 'given', 'scheduled', 'attend', 'taking', 'naked', 'cheating', 'know', 'separate', 'collapses']		['attorney', 'distress']			M
466	23954729	Agness		['has', 'becomes', 'observes', 'separate']	['married']	['younger', 'much']			F
467	27425045	Sivadas							
468	27425045	Radhika		['dies']	['married']	['fiancee', 'sister']			
469	30689928	Ramvilas Sharma							M
470	30689928	Nimmi				['wife']			F
471	1367501	Mike Downey							
472	1367501	Tony	boss	['harassed', 'dispatched']		['wife']			
473	1367501	Angela de Marco		['wants', 'wife']	['escape', 'harassed', 'confronts']	['attempts', 'movements', 'de']			F
474	1367501	Ed Benitez							
475	17867578	Eashwar		['tells', 'arrives', 'offers', 'bought', 'keeps', 'visited', 'requested', 'chasing', 'wants']	['stay', 'dispose', 'allows', 'help']	['wife', 'disturbed', 'mentioning', 'man']			
476	18788912	Randy James		['questions']	['meets', 'marry']				
477	18788912	Melodie	dog walker photographer	['develops', 'meets', 'adopted', 'marry', 'had', 'tells', 'shed', 'gets', 'finds', 'lying']	['end', 'finds', 'kidnapped', 'convince']	['old', 'home', 'marriage']			
478	31632887	Wall Streeter							
479	31632887	Steve Giardino							M
480	31632887	Jackie							
481	29437259	Cleavon		['trying', 'single', 'attempts', 'reveal', 'discovers', 'notices']	['find', 'ask']	['nervous', 'awkward']			
482	29437259	Phil		['trying']	['balance', 'married']	['friends']			M
483	29437259	Victoria		['talk', 'wants']	['start', 'married']	['friends']			F
484	29437259	Zenobia		['trying', 'talk', 'single']	['tells', 'find']	['party', 'friends']			F
485	12834270	Roger Henderson							
486	12834270	Jessica Poole		['marry', 'seen']	['won', 'invites', 'come']				
487	12834270	Pogo		['boarding', 'went', 'arrives', 'won', 'reserved', 'irresponsible']	['marry', 'travel']	['maneuvers']			
488	1908729	Ike		['living', 'writes', 'runs', 'agree', 'catch']	['leaves', 'marrying', 'asks', 'marry', 'stand']	['realizations', 'apartment']			
489	1908729	Maggie Carpenter		['gets', 'leaves', 'explains', 'left', 'agree']	['marry', 'treats', 'drove', 'face', 'set', 'forcing', 'married', 'walk']	['nervous', 'exes']			F
490	31083557	Charlie		['is', 'complains', 'asks', 'yells', 'waiting', 'drunk', 'left', 'takes', 'surprised', 'upset']	['kicks', 'find', 'consulting', 'telling', 'enlists', 'hear', 'accuses', 'neglected', 'upset', 'supporting', 'take']	['marriage', 'chagrin', 'office', 'falling']		22 years old	M
491	2748481	Jeff		['acknowledges', 'enters', 'throwing']	['love', 'tells', 'accept', 'tell', 'encourages']	['man', 'father', 'proposal']			
492	2748481	Barbara Latimer	secretary maid	['encourages', 'fallen', 'posing']	['loved', 'dance', 'gets', 'brings']				
493	15907225	Louise	attorney	['discovers', 'walks', 'looks', 'returns', 'sold']		['attorney']			F
494	15907225	Ian		['realizes', 'moving', 'show', 'looks', 'yells', 'chooses', 'sold', 'gets']	['stay', 'go']	['husband']			M
495	3151934	Steven				['husband']			
496	3151934	Kay Hilliard	singer	['last', 'travels', 'finds']	['find']				
497	1367110	Mike		['wants', 'fix']	['call']	['brother', 'parents', 'wedding']			
498	1367110	Johnny		['interested']		['husband']			
499	1367110	Susan		['went', 'fix']		['father', 'parents', 'sister', 'wedding']			
500	25954897	Madan	actor entrepreneur	['things', 'announces', 'suspicious', 'refuses', 'suspects', 'advised']	['tells', 'pay']	['worse', 'her', 'entrepreneur', 'suspicions']			
501	25954897	Mallika				['wife']			
502	1511944	Sophie		['declares', 'meet', 'sends', 'cast', 'married', 'reunite', 'demands', 'interrupts', 'decide']	['forgotten', 'cheer', 'tells']	['girl']			
503	23654077	Pothuval		['makes', 'started', 'knows']	['hit']				M
504	22824908	Troy		['arrives', 'job', 'apologizes']	['have', 'invites']	['angers', 'husband', 'relationship', 'men']			M
505	2032436	Glenda	lawyer	['runs', 'manages', 'comes', 'becomes', 'end', 'have', 'deal', 'decide', 'go']	['take', 'keep']	['judge', 'wife', 'dogs', 'maid', 'cars']			
506	2217354	Renee			['confronts', 'calls']	['family', 'wife']			
507	27944820	Madhvi				['wife']			
508	22154516	Munch Garnett		['suffered', 'participant']		['performance']			F
509	22154516	Lowell		['disturbed']		['husband']			M
510	113464	Elliot		['disavows', 'attributes']		['inability', 'husband', 'classes', 'marriage']			M
511	1468099	Joe trail Gordon		['agrees', 'serve', 'takes', 'evades', 'hires', 'budding', 'tells', 'failing', 'serves', 'accepting', 'refers', 'contemplates', 'expecting']	['serve', 'mugged', 'tells', 'knocked', 'lose', 'kicks']	['mistress', 'bodyguard', 'husband', 'vineyard', 'bottle', 'location']			
512	1091346	Lonette		['move', 'got', 'waitressing']		['wife', 'ex-girlfriend']			F
513	3531556	Linda		['requests', 'ignoring', 'ignores', 'meets', 'hears', 'planned', 'sick', 'get', 'discovers', 'refuses', 'asking', 'calls']	['permit', 'take', 'loves', 'tells', 'listen', 'accompany', 'skate']	['wife']			F
514	3790446	Carmine		['exhausted']	['advises']	['husband']			
515	23239530	Danielle Cormack							
516	23239530	Katrien		['comes', 'escapes', 'hears']		['husband', 'wife']			
517	22762373	Vinu Chakravarthi							
518	3077087	Walter				['husband']			
519	3654363	Alfred de Carter	conductor	['tries', 'conductor', 'livid', 'attempts', 'begs']	['stage', 'destroy']	['instruction', 'Suicide', 'secretary']			
520	3654363	Wagner							
521	3654363	Francesca							
522	13345732	Phillip		['play', 'sneaking', 'came', 'arrive', 'shows']		['husband']			
523	2492165	Jeff Daly		['points', 'leaves', 'returned', 'caught']	['find', 'marry', 'win']	['wedding']			M
524	3990824	Susan Applegate		['leaves', 'calls', 'becomes', 'confesses', 'help', 'continues', 'returns', 'rushes']	['recognizes', 'fantasize']	['disguise']			F
525	10376736	Cornelia		['allows']		['wife']			
526	2258378	Cinzia Zaccardi		['unable', 'returns', 'transforms']	['marry', 'embarrass', 'join', 'cook']	['arrangement', 'relationship', 'inviting']			F
527	3822528	Trifena				['gaze', 'wife']			F
528	11639895	Miri Linky		['insists', 'changed', 'attempts', 'corrects', 'realized', 'reciprocate', 'home', 'shows', 'mind', 'married', 'filmed']	['affect', 'asks', 'convinces', 'seduce', 'loves']	['apartment', 'dismay', 'company']			
529	1001692	Lady Claire							
530	11604278	Sherry		['sees', 'married', 'continues']	['sees', 'pursue']	['flames']			
531	14877669	Baroness Cecilia Duarte		['tries', 'flirting', 'scared']	['tells', 'informed', 'play', 'meets']				
532	1888433	William Jessup		['plans', 'obsesses', 'regrets']	['show', 'use']	['relieved']			
533	1326091	Arbaaz Khan							
534	17101981	Margaret Tate	executive editor editor	['asks', 'agrees', 'notices', 'make', 'left', 'opens', 'falls', 'meets', 'publish', 'confesses', 'learns', 'realizes', 'returns', 'leaving']	['deported', 'pack', 'find', 'loves', 'tells', 'take']	['deportation', 'home']			F
535	14538051	Megha		['slips', 'gets', 'finds', 'hold', 'leaves', 'reveals', 'recover', 'married', 'tries', 'tells', 'goes', 'assistant', 'learns', 'runs', 'returns']	['reconciled', 'quit', 'takes', 'reach', 'look', 'confront', 'asks']	['family']			F
536	3459677	Diya	actress			['husband']			F
537	180912	Agnes		['seeks']		['wife']			
538	1203340	Alexis		['girlfriend', 'pretends']		['nemesis', 'jealous', 'wife']			
539	290633	Sidney				['husband']			
540	1923292	Jane		['confronted', 'slaps', 'leaves', 'lost']		['wife']			
541	240363	Jessica	singer	['turns']		['wife']			
542	17908468	Debbie				['wife']			F
543	1385251	Kathleen				['wife']			
544	1512171	Debrah		['rejoins', 'reconciles']		['wife']			F
545	23091532	Steve				['husband']			
546	14644512	Judy		['puts', 'dance', 'talk', 'marring', 'sees', 'knowing', 'left']	['buy']	['malfunctions', 'wife']			
547	16355046	Sakthi	jockey	['claimed', 'returns', 'live', 'leaves', 'sees', 'asks', 'married', 'develops', 'faints']	['revealed', 'call', 'pregnant', 'work']	['brother', 'father', 'friend', 'assistant', 'house']			
548	25737142	Henry		['goes', 'tossed', 'crashes', 'reveals']	['shoots']	['co-worker', 'friend', 'wife']			M
549	24672079	Clare				['wife']			
550	10436186	Daeng		['drives', 'had', 'dead']		['wife', 'relationship']			F
551	16953192	Vikram Sinha	Pilot Captain						
552	16953192	Farha		['goes']		['father', 'idol']			
553	3226241	Sherise		['plans', 'says', 'come', 'tells']	['engaged', 'marry', 'drive', 'seduce', 'trick']				
554	3226241	Darrell	disc jockey DJ	['go', 'sees', 'saves', 'spa', 'enjoy', 'get', 'falling', 'tries']	['introducing', 'seduce', 'throw', 'asked', 'DJ', 'stop']	['apartment', 'friends', 'daughter', 'jockey']			
555	3226241	Chad			['marry', 'marrying']				
556	12666854	Domina				['wife']			
557	1659186	Kathryn		['moved']		['old', 'his']			
558	2638362	Mr Weston				['son', 'husband']			
559	13514560	Bobby	assistant manager	['hired']		['wife']			M
560	27341604	Hank		['has', 'compartmentalized']	['marry']			39 - year - old	
561	12896610	Hilary Weiss			['shown']	['plot']			
562	2918524	Connie		['control', 'breaks']		['wife']			
563	2957178	Martin				['husband']			M
564	13904106	Aspalela		['married']	['marry']	['sweetheart', 'hand', 'father', 'parents']			
565	18799982	Renata		['married', 'skate', 'grateful', 'mourns', 'leaves']	['leaves']	['family', 'watching', 'daughter']			
566	22569652	Roopi		['catches', 'find']		['daughter', 'helping']			F
567	1367501	Connie				['wife']			
568	17867578	Gheetha				['wife']			F
569	31083557	Kasia				['parents', 'wife']			F
570	1367110	Joan			['get', 'persuade']	['wife']			
571	25954897	Urvashi				['wife']			
